{
  "project_info": {
    "project_number": "838818955379",
    "project_id": "milestone-dba70",
    "storage_bucket": "milestone-dba70.appspot.com"
  },
  "client": [
    {
      "client_info": {
        "mobilesdk_app_id": "1:838818955379:android:e08ac4539b27797aeaea06",
        "android_client_info": {
          "package_name": "com.example.milestone"
        }
      },
      "oauth_client": [
        {
          "client_id": "838818955379-udbh1tcolpgr15eili3oe0bni7d85qfu.apps.googleusercontent.com",
          "client_type": 3
        }
      ],
      "api_key": [
        {
          "current_key": "AIzaSyCxh9Sq6tbt-M69bjzpFdq9j06hv7suSeQ"
        }
      ],
      "services": {
        "appinvite_service": {
          "other_platform_oauth_client": [
            {
              "client_id": "838818955379-udbh1tcolpgr15eili3oe0bni7d85qfu.apps.googleusercontent.com",
              "client_type": 3
            }
          ]
        }
      }
    }
  ],
  "configuration_version": "1"
}